customer_id,Recency,Frequency,Monetary,Cluster,PC1,PC2
1,76,11,2356.69,1,0.2745198017378759,-0.29377552468843626
2,262,4,649.62,2,-1.496875304953073,0.6813901691875627
3,1,27,22259.35,0,4.8192905083102096,2.234486730753165
4,228,4,430.63,2,-1.3623949424763833,0.40263257698516586
5,54,9,2705.7400000000002,1,0.24633939411588168,-0.4499682997053441
6,57,8,829.4100000000001,1,-0.1160794800980503,-0.7071225846789604
7,131,4,634.57,2,-0.8653395103245958,-0.2789126201185865
8,1,15,6352.75,1,1.548733161822355,-0.20761047376163533
9,10,14,1601.53,1,0.7639266486802302,-0.8154337754290719
10,158,1,73.11,2,-1.346270475164118,-0.22322763974335585
11,57,4,350.58000000000004,1,-0.5462888825696777,-0.859182527449471
12,3,12,4148.99,1,0.9640031949013707,-0.5601889373025394
13,70,6,931.77,1,-0.34729533287178765,-0.641154172795855
14,130,4,367.88,2,-0.8969938043289778,-0.32282867179199576
15,180,5,542.3,2,-1.0237853820681866,0.08843462890714246
16,9,14,3841.3900000000003,1,1.0752408174963355,-0.5153440663085201
17,367,3,185.34,2,-2.1594185057479005,1.3641379001581952
18,50,9,2414.91,1,0.22589186137548756,-0.5191417561754237
19,40,14,1984.71,1,0.6712586365504892,-0.5434014534341756
20,120,4,689.1700000000001,2,-0.804666013321931,-0.3518818400403588
21,301,1,14.55,2,-2.04591748764309,0.8147501736628782
22,40,13,3127.77,1,0.7364893656136856,-0.40811078213077745
23,72,9,1338.31,1,-0.02782340413152323,-0.5059719317562984
24,238,4,372.5,2,-1.4187148418890716,0.4678025416311825
25,154,2,140.22,2,-1.2265685679331586,-0.22169043223457882
26,47,8,1120.02,1,-0.027949599541356524,-0.7403863598336922
27,51,9,1895.29,1,0.14995622818895896,-0.5831410342460449
28,27,4,558.3499999999999,1,-0.3727618358690058,-1.0501112591145552
29,49,6,1320.7,1,-0.1925097960917826,-0.741386915788055
30,112,4,59.290000000000006,1,-0.852158968043789,-0.49684659734248354
31,36,15,6488.98,1,1.3980922365418376,0.0671036986855337
32,109,7,1206.05,1,-0.407220537891807,-0.2966484861324964
33,133,7,1767.03,1,-0.4465407512675021,-0.044103137701219035
34,46,16,6066.18,1,1.3830478504209183,0.10381135936349824
35,200,4,129.0,2,-1.2682417412551872,0.15642197637800664
36,15,14,1986.29,1,0.7923899157964861,-0.7260543210386559
37,191,4,137.16,2,-1.2235957852308421,0.09170878103999044
38,97,5,548.98,1,-0.6214332676067446,-0.5177760305701595
39,72,10,3465.98,1,0.3544762334051295,-0.19237869410051658
40,328,4,232.79000000000002,2,-1.8731255291295896,1.1069593200658074
41,5,15,1230.54,1,0.8285204212844144,-0.8813373956634785
42,21,16,5448.58,1,1.4194574154345285,-0.16381946079265866
43,32,13,3415.3199999999997,1,0.8145273425889409,-0.4271649431450948
44,63,9,727.21,1,-0.06791010865103914,-0.6556740590642607
45,22,16,4510.62,1,1.286280782971575,-0.2852328618492747
46,68,11,2783.71,1,0.37164130447945265,-0.29368844237709335
47,115,9,529.84,1,-0.34641941370312174,-0.30239265724266906
48,1,19,11615.61,0,2.6335360953175386,0.6010227988092517
49,222,3,198.05,2,-1.4563718908650245,0.3052379307670063
50,1,15,4980.41,1,1.3609573982161762,-0.39595415961190145
51,199,2,116.63,2,-1.447443522798998,0.10423749181073719
52,289,3,284.13,2,-1.7686460998317353,0.8071426106140462
53,121,7,1993.71,1,-0.3574851347000725,-0.10077041736982166
54,85,9,2085.46,1,0.011532457003691505,-0.3083387774752501
55,187,3,87.0,2,-1.3022856140480046,0.03397953022017511
56,1,10,2622.25,1,0.5824284456016604,-0.8275244808749725
57,39,11,2213.66,1,0.4339034977106374,-0.5840525245777407
58,128,4,1086.07,2,-0.789051454190792,-0.23889189359370344
59,118,4,238.24,2,-0.8566930590676046,-0.4283982804331321
60,320,3,575.73,2,-1.8786815056053343,1.0739210319894983
61,101,4,966.81,1,-0.6747813712590134,-0.4527587493835491
62,356,2,104.52,2,-2.2084472833511204,1.2509972681742934
63,220,2,216.06,2,-1.5354073011847906,0.2714940936293475
64,274,1,10.18,2,-1.915927133145436,0.6166511349353762
65,282,1,22.4,2,-1.9529479127379552,0.6768465486329459
66,54,6,1089.04,1,-0.2483905954620539,-0.7366066240190163
67,141,2,110.29,2,-1.1677880101243625,-0.32089035687462863
68,4,8,1158.3000000000002,1,0.18526216460138117,-1.0496686113100395
69,119,8,856.09,1,-0.4122983074154732,-0.2499440651201152
70,30,8,3009.31,1,0.3127821214463038,-0.6054464491113454
71,347,1,142.12,2,-2.250945990562217,1.1687384969731034
72,362,1,31.02,2,-2.338696734378632,1.2632126565204609
73,125,4,577.19,2,-0.8441711307268092,-0.3306763385400874
74,9,15,8837.36,0,1.8500067700508425,0.1919024891288013
75,191,3,327.02,2,-1.2887903573826576,0.09617968366181276
76,79,7,1408.73,1,-0.23438995025868062,-0.48827578328497995
77,54,10,4354.89,1,0.5631636695696478,-0.2020484524288191
78,10,12,5302.5,1,1.0879804666724013,-0.3506745585890326
79,53,6,1295.75,1,-0.21527009131789765,-0.7155519680824194
80,1,15,11708.74,0,2.2815873467306553,0.527460206956821
81,52,10,1199.3700000000001,1,0.14107056694912157,-0.6497502035418011
82,313,3,261.44,2,-1.8878292334342097,0.9795834957780394
83,143,6,886.99,2,-0.7064945923350616,-0.11332034571554324
84,166,1,141.0,2,-1.3756739902595327,-0.15539192335746985
85,97,7,1563.83,1,-0.3002266533960433,-0.3353232441118895
86,2,30,21878.079999999998,0,5.035803870103197,2.2542329895115247
87,52,8,4087.3700000000003,1,0.35388659945160705,-0.29656520758411664
88,172,1,47.44,2,-1.4174953230312535,-0.12434362235602468
89,18,15,5218.1900000000005,1,1.3112703115711675,-0.238969180101853
90,1,22,20379.04,0,4.106145242419984,1.8684978472413436
91,127,3,346.22,2,-0.9766206132672343,-0.3693317164086751
92,210,3,135.07,2,-1.40695013156778,0.2088169223989647
93,51,9,1489.91,1,0.09448853137135346,-0.6387764914723743
94,171,3,488.12,2,-1.170015150975996,-0.028006281690142933
95,202,3,140.46,2,-1.3675197951620042,0.15103835314797787
96,108,8,1012.6400000000001,1,-0.3376751047278835,-0.3089213888846417
97,128,3,435.22,2,-0.9692794453359697,-0.3498023251391991
98,99,9,1356.6,1,-0.15590910043266792,-0.30596247424989664
99,53,14,6963.04,1,1.2895621749779138,0.2349303882683054
100,1,11,2950.71,1,0.7185441697947738,-0.7608597325284416
101,284,3,146.91,2,-1.763238742668969,0.7517362212041561
102,27,9,1204.3,1,0.17148731713015583,-0.8535293097926095
103,120,9,1474.92,1,-0.2412881810216167,-0.13611335729239096
104,18,12,2435.8,1,0.6570402492138285,-0.6855899804482843
105,65,8,653.63,1,-0.17882409165492338,-0.6727288039148112
106,1,10,1397.9499999999998,1,0.41490883137847623,-0.9955507532174539
107,314,4,623.87,2,-1.7519020353151424,1.0582251680518864
108,44,11,3253.42,1,0.5519896900218503,-0.40477908310546135
109,47,5,455.94000000000005,1,-0.39233364866246795,-0.8962845162482428
110,311,4,628.3399999999999,2,-1.7367805994101961,1.0368942777138603
111,304,3,182.43,2,-1.8551106520499325,0.9029068518080752
112,5,14,4177.06,1,1.1405165864882167,-0.4985349534552602
113,308,3,356.71999999999997,2,-1.8506091585495694,0.9560860407140013
114,1,23,9746.57,0,2.742489043777741,0.4308546569234348
115,23,13,5888.72,1,1.1964893598462867,-0.15354187479808395
116,169,2,172.37,2,-1.2947185727660961,-0.10755625184832497
117,365,3,255.53,2,-2.1401412785506793,1.359141390373209
118,1,30,10658.45,0,3.505470916121944,0.7071055685733467
119,36,15,7425.54,1,1.5262407049702174,0.19563974836704506
120,9,8,2088.3,1,0.28833001757000093,-0.8854589317035698
121,403,1,50.67,2,-2.534308793557569,1.5658158023620152
122,183,3,568.4100000000001,2,-1.2170684021280118,0.07079039830597043
123,36,10,4036.9900000000002,1,0.6067246288570273,-0.3773441077804247
124,236,2,316.12,2,-1.599101859448848,0.40226321614376986
125,288,4,311.58000000000004,2,-1.668880637265433,0.8251811368495349
126,226,1,37.84,2,-1.6799854739320208,0.26933742346068656
127,40,8,3256.4500000000003,1,0.2982319783302026,-0.49838039677604556
128,28,6,289.27,1,-0.23207054638034072,-1.0365537404468128
129,64,9,2745.79,1,0.203453355459897,-0.3713238439880338
130,3,9,2915.39,1,0.5216923543954778,-0.7942495723779491
131,98,8,2279.28,1,-0.11599611931922993,-0.20823214386912758
132,36,4,310.5,1,-0.45020430935896794,-1.018293773339366
133,37,6,1229.69,1,-0.14692335067730844,-0.841654837832287
134,125,3,129.48,2,-0.9966037004611417,-0.41370728224465225
135,47,9,1150.4,1,0.0673801680989129,-0.7146309239594693
136,12,23,10696.050000000001,0,2.8192027020876753,0.6416265555462107
137,1,15,10976.369999999999,0,2.1813779700512193,0.4269477499810283
138,279,1,25.65,2,-1.9379934080829901,0.6553482221663095
139,167,4,220.95,2,-1.0960524062399526,-0.07234657342064114
140,321,4,357.07,2,-1.8222642091680037,1.0728123272352539
141,30,13,3151.13,1,0.7880517244019027,-0.4780526764421931
142,70,9,2204.48,1,0.10036688565605138,-0.4017259746139234
143,326,2,68.35,2,-2.0682982769131324,1.0265895453508127
144,249,1,120.7,2,-1.7798897142494565,0.4489494901594428
145,334,2,126.61999999999999,2,-2.099018085963319,1.0931049866897866
146,240,3,185.64999999999998,2,-1.5451274336514793,0.4352023129382464
147,1,16,2485.62,1,1.1107709490403401,-0.7167599441338752
148,1,17,5878.78,1,1.6662261829204523,-0.22948740615408242
149,125,5,1133.85,1,-0.6768310530535597,-0.232692799579692
150,114,7,961.3599999999999,1,-0.4648842177434375,-0.2936564671141091
151,107,7,933.23,1,-0.43487698942912384,-0.3487206241754214
152,143,7,317.97,1,-0.6931800634151847,-0.16982820122585296
153,284,1,40.42,2,-1.9601554632459435,0.6939492394873843
154,203,4,339.32,2,-1.253973699140859,0.20723123234246524
155,8,19,8612.18,0,2.188723866844411,0.2400273902554591
156,54,15,4710.18,1,1.067642136405197,-0.045357474534681766
157,58,14,3835.2799999999997,1,0.8374112173525058,-0.15775798559286094
158,50,14,5317.75,1,1.078948775662048,-0.012818065624185741
159,16,16,3755.94,1,1.212038375182425,-0.43269593476265844
160,164,2,250.43,2,-1.2598546914262758,-0.1334170266948815
161,1,13,4192.68,1,1.0708273622807096,-0.5472363776029459
162,40,5,638.19,1,-0.3335403577488948,-0.9224755481152308
163,189,1,216.28,2,-1.4766153935891482,0.023179843460247318
164,62,15,5496.030000000001,1,1.1364762936349289,0.12101303111119607
165,140,1,77.0,2,-1.2586793462607306,-0.35435995753301824
166,170,3,275.22,2,-1.194309418802917,-0.06454004700456985
167,66,15,4498.09,1,0.9805828533928732,0.013312176540828322
168,16,15,6681.7,1,1.5211939725586743,-0.05274265159538611
169,49,5,919.82,1,-0.33853466874690924,-0.8179907825230875
170,1,17,11011.9,0,2.368585312350585,0.4749959876927178
171,240,1,46.09,2,-1.7465690857340985,0.37287671419430324
172,219,1,52.8,2,-1.6440822885999198,0.22018705556480564
173,5,27,10826.5,0,3.2355998797534866,0.6946703574951543
174,126,4,530.09,2,-0.8554523751910157,-0.3298256826016672
175,275,4,231.17000000000002,2,-1.617007201996853,0.7190531992814052
176,371,3,355.63,2,-2.155464327821247,1.4167681181506446
177,193,2,167.68,2,-1.411438786286877,0.06735500242631477
178,194,2,164.01999999999998,2,-1.4167761836205965,0.07416748248509551
179,4,18,8894.94,0,2.155587113227103,0.22798898856433691
180,218,1,47.3,2,-1.6399982439299954,0.21211743211416262
181,369,3,285.17,2,-2.155432084484592,1.3924684186205223
182,16,16,2370.66,1,1.0224920456952955,-0.6228155415180228
183,115,6,1153.43,1,-0.5346130016245537,-0.28156746961797857
184,147,2,128.5,2,-1.194315977477701,-0.2745024361233517
185,88,8,1588.65,1,-0.1621282221492529,-0.37616397380890904
186,139,5,526.08,2,-0.8277039997847935,-0.21369777437610518
187,1,13,5800.38,1,1.2908071742439646,-0.3265912432036915
188,16,13,2335.57,1,0.7441720022510939,-0.6923893942155944
189,11,14,4177.26,1,1.1115243307642506,-0.45461877424191355
190,37,9,2545.79,1,0.3066758735363461,-0.5962716776664134
191,1,21,7132.01,0,2.20239588046227,0.028853305465580792
192,130,8,1955.3400000000001,1,-0.3150917857369152,-0.018617323069475857
193,111,5,1297.44,1,-0.5867347642049152,-0.3126482998703353
194,314,2,272.22,2,-1.982363727404782,0.9667917590481074
195,26,5,1360.24,1,-0.1670306050767761,-0.925786474320779
196,308,4,881.89,2,-1.6875778227303493,1.049747806158049
197,307,1,17.7,2,-2.0745060981314456,0.8590712189249141
198,270,4,99.18,2,-1.6108842297214612,0.664364589340886
199,71,14,3174.9,1,0.6841763061218311,-0.1532980887733928
200,21,14,1852.27,1,0.7450324859966924,-0.7005588608270308
201,23,8,1243.1599999999999,1,0.10497799640590158,-0.8990412129329934
202,109,9,2026.22,1,-0.11265177265355492,-0.14091411403315326
203,402,3,201.84,2,-2.3264419544384825,1.6224200007377132
204,45,15,4516.78,1,1.0847088606703121,-0.1377333142028055
205,1,17,7437.17,0,1.8794589621488016,-0.015609710690716044
206,138,9,3058.49,1,-0.11166891476471993,0.21288630207433196
207,48,7,499.45,1,-0.20887101537732736,-0.8398262931195547
208,280,1,51.17999999999999,2,-1.9393367700175637,0.6661668174661887
209,137,9,1391.57,1,-0.33491513021297126,-0.023201135143561983
210,118,9,780.28,1,-0.3266617963844858,-0.24607722301603596
211,103,7,1133.96,1,-0.38806491131633775,-0.350431045088309
212,11,17,5668.83,1,1.5891329209076137,-0.18515363252908648
213,3,21,6661.8,0,2.1283843593162146,-0.02105002095170325
214,71,11,3685.74,1,0.480555260466458,-0.14794701877233613
215,4,13,6236.42,1,1.3359602341827288,-0.24480355859172426
216,1,13,4298.81,1,1.085349012740161,-0.5326708068411166
217,68,12,1590.27,1,0.2995171357653831,-0.43589340233573454
218,52,14,5479.5199999999995,1,1.0914103785842502,0.024013267433333232
219,207,2,76.05,2,-1.4916888679644846,0.15718648945041
220,167,4,178.88,2,-1.101808797786444,-0.07812037500313573
221,75,7,1417.94,1,-0.21378334181511305,-0.5162709315351477
222,8,26,11357.3,0,3.202545939775488,0.7678771612610273
223,95,9,462.07,1,-0.2589602361351923,-0.4579893658364966
224,49,15,4749.360000000001,1,1.0971861103685594,-0.07655424666023501
225,1,15,6412.6,1,1.556922371093986,-0.19939649646873525
226,362,1,68.78,2,-2.3335300753628125,1.2683949419436842
227,1,28,13115.75,0,3.6593547442252423,1.0011801214223923
228,122,5,1622.23,1,-0.595496747330153,-0.1876105612325507
229,140,3,406.98,2,-1.031182736291663,-0.2659005984530011
230,29,8,824.12,1,0.018621595401426078,-0.912662675161174
231,68,8,1355.3799999999999,1,-0.09731422644356078,-0.5544743539478486
232,69,9,1186.18,1,-0.034129372937310026,-0.54879503335695
233,65,8,1146.19,1,-0.11142765190831584,-0.6051285256292499
234,7,27,7659.61,0,2.7926046182795896,0.2746673103390625
235,1,24,20578.68,0,4.315807574419722,1.9390689891057113
236,296,4,411.98999999999995,2,-1.6938344767465883,0.8974799867619894
237,228,1,178.84,2,-1.670365807126306,0.3033182250499762
238,258,3,397.68,2,-1.6031744678860194,0.5959680806373987
239,88,7,630.8399999999999,1,-0.38435721042090987,-0.5292024332546319
240,301,2,209.54000000000002,2,-1.928064315855734,0.8630971350539645
241,20,11,3414.69,1,0.6901345716754957,-0.558200870972043
242,9,16,6007.02,1,1.5539073856854373,-0.17495509289747654
243,75,11,2300.48,1,0.2716652532220961,-0.30880472689468436
244,61,15,4606.18,1,1.0195557064023189,-0.008427199172799438
245,251,3,456.01,2,-1.5613370134459712,0.5527699298708922
246,5,10,3490.36,1,0.6818645619398326,-0.6791235421718883
247,91,7,1659.64,1,-0.25809745561411107,-0.36606274897450386
248,4,17,7134.150000000001,0,1.8234872601111003,-0.035252636907331915
249,145,4,621.36,2,-0.9348594701796255,-0.17831855833577423
250,101,9,2334.76,1,-0.03174175720525814,-0.15708755017899992
251,338,3,106.14,2,-2.0299938501778687,1.1411394111775979
252,372,3,201.99,2,-2.18132332259121,1.402996933808604
253,18,16,4428.7,1,1.2944181743571022,-0.32573493993573294
254,8,20,14385.460000000001,0,3.0698482865489822,1.053954090881488
255,148,4,374.38,2,-0.9831632810296543,-0.1902704020545769
256,363,2,195.32,2,-2.229879444914338,1.314662427022507
257,62,7,2085.77,1,-0.059529055328404086,-0.5197083700282648
258,389,2,125.45,2,-2.3651913728762683,1.4952577771512627
259,124,6,1269.0800000000002,1,-0.5623181723536506,-0.19986225208056466
260,10,26,8957.82,0,2.8645545394067238,0.4531955562827872
261,70,13,2148.52,1,0.4574015642116316,-0.32306207054800773
262,1,30,26894.16,0,5.72698514943036,2.9353387059853753
263,35,8,1037.82,1,0.01884230842421308,-0.839445173440991
264,9,13,4964.18,1,1.1376980248897581,-0.38283530510916697
265,350,3,339.69,2,-2.0560767051231994,1.2609699117235837
266,89,4,701.84,1,-0.6529976801451723,-0.576901416454897
267,69,10,2894.06,1,0.2907308634274481,-0.29281492064329856
268,137,2,240.15,2,-1.1306729956887775,-0.33232716994704553
269,47,14,4265.2300000000005,1,0.9494434395031509,-0.17921314742123248
270,327,1,172.44,2,-2.1500652668379927,1.026603927605016
271,170,1,45.02,2,-1.4081532417857974,-0.13930532664790246
272,163,2,151.32,2,-1.2685791994700915,-0.15433394194817068
273,39,9,2000.0800000000002,1,0.22233377093652096,-0.6565368300755763
274,153,4,452.59000000000003,2,-0.9966449111935726,-0.14296270604575653
275,46,12,2742.9300000000003,1,0.5636396069064832,-0.4386245448350942
276,10,21,11561.880000000001,0,2.7650006583355955,0.7026538465882105
277,69,4,410.24,1,-0.5961649137931013,-0.7632171649396153
278,330,3,203.35999999999999,2,-1.9779985164886533,1.0959638416727595
279,33,8,882.48,1,0.007260515286748945,-0.8753940357550956
280,2,30,10791.23,0,3.518802453007461,0.7326434464908286
281,6,23,9279.81,0,2.654439771562685,0.40336918325286125
282,135,6,846.0,1,-0.6734103800064491,-0.17746423270829623
283,1,25,8723.529999999999,0,2.784853424361647,0.33362185966527974
284,263,4,545.29,2,-1.5159872669881302,0.6743864237814103
285,370,2,116.91,2,-2.274464423534409,1.3551047438033588
286,72,7,745.11,1,-0.29133611542855486,-0.6305563217976712
287,67,7,572.06,1,-0.2908313375172928,-0.6908801181650319
288,69,8,1969.71,1,-0.018092735928072118,-0.46284724018415085
289,76,5,1153.8600000000001,1,-0.4370995312910892,-0.5883712063710186
290,17,9,1583.81,1,0.2717812863125467,-0.8745922063953143
291,339,2,116.1,2,-2.124640543841052,1.128235135410403
292,36,14,6658.69,1,1.3301405621874594,0.06880916033071545
293,297,3,176.88,2,-1.8220138273220277,0.8509416355533406
294,4,25,10817.51,0,3.0568605798694604,0.642949753349773
295,90,5,450.0,1,-0.6011203663917633,-0.5825638349364337
296,417,1,149.2,2,-2.5885394928610195,1.6817453666128082
297,6,17,5604.9400000000005,1,1.6045739408254125,-0.2304960126676589
298,219,2,247.34,2,-1.5262906898146058,0.26847225772812566
299,281,2,61.83,2,-1.8515432400283922,0.6965292427542985
300,18,9,2403.23,1,0.3790650145810639,-0.7548179814703656
301,135,4,212.3,2,-0.9424646614872914,-0.307606953248624
302,69,9,1049.3,1,-0.052858511869654616,-0.5675808180161339
303,303,2,91.3,2,-1.953916171382142,0.8614991317408078
304,134,4,216.63,2,-0.9370355887949753,-0.3143274806793973
305,120,9,1297.84,1,-0.26551784146974333,-0.16041629963201898
306,13,26,8780.22,0,2.825743917182689,0.45076561305824364
307,24,11,3954.0299999999997,1,0.7445854527215366,-0.4549212240749193
308,56,16,6808.99,1,1.4363196849099837,0.27890451486958745
309,39,9,1317.98,1,0.12900278272968116,-0.7501500950962464
310,127,7,477.58,1,-0.5939551463948308,-0.2649595044646303
311,125,7,1223.37,1,-0.48223631879804846,-0.17723482696334647
312,53,15,6701.22,1,1.3449105399586925,0.22058349891303136
313,34,10,4474.88,1,0.6763138401675085,-0.33187646634403506
314,11,14,6334.01,1,1.406630046663828,-0.1586205198315186
315,142,4,709.87,2,-0.9082389340710393,-0.18811556978164784
316,58,12,4923.71,1,0.803994078109818,-0.05155088632664022
317,200,4,450.76,2,-1.2242156765059822,0.20058119665809876
318,17,21,11519.05,0,2.7252840517436723,0.74797925964444
319,14,28,17620.33,0,4.212835594391429,1.7144932205599377
320,47,8,389.65,1,-0.1278853184339376,-0.8406243313527463
321,8,14,3958.9700000000003,1,1.0961657623693062,-0.5065218547514752
322,69,5,1653.35,1,-0.33489864222660287,-0.5710233550901436
323,33,14,6312.76,1,1.2973171538354396,-0.000611582027897913
324,46,11,3604.44,1,0.5903461610251909,-0.3419745637040605
325,1,12,3335.4300000000003,1,0.8623578875321135,-0.6864737082838562
326,69,8,1053.75,1,-0.14342252915184717,-0.5885560896612555
327,148,3,332.65999999999997,2,-1.0800446883213906,-0.21758217046850709
328,217,4,158.11,2,-1.3464809130916946,0.2847685157592423
329,45,7,629.6800000000001,1,-0.17654197783494927,-0.8438975379378627
330,69,5,917.62,1,-0.43556776398795494,-0.671996947633257
331,26,10,2617.41,1,0.46085110416309016,-0.6453190245649761
332,65,4,744.72,1,-0.5310519711843984,-0.7465713709331148
333,6,13,2703.38,1,0.842865073380384,-0.7150580307402195
334,18,11,3923.61,1,0.7694427392861263,-0.5029848785395851
335,268,2,66.74000000000001,2,-1.7879955635725853,0.6021108547706334
336,98,8,1069.66,1,-0.28150708538689967,-0.37424369295914817
337,187,1,31.96,2,-1.4921624880581388,-0.01674631312199841
338,17,9,4155.389999999999,1,0.6236477320726186,-0.5216615509755006
339,42,6,1664.41,1,-0.11162411204541894,-0.7454187367325428
340,58,9,2040.29,1,0.1359401926495073,-0.5120373195202176
341,339,4,634.44,2,-1.8713708435059966,1.2425455348060532
342,332,2,385.64,2,-2.0539034588201996,1.1140240213027675
343,77,14,4646.94,1,0.8565742889000715,0.09261742776296106
344,60,5,307.62,1,-0.47550395672470064,-0.821548107940013
345,2,15,10826.69,0,2.156060817699229,0.41372004684333025
346,25,12,1989.24,1,0.5620817134784551,-0.6956735741165746
347,75,6,1007.9200000000001,1,-0.3610588305561663,-0.5941291968074752
348,1,20,10846.76,0,2.6195081064638153,0.5170897288889131
349,220,3,137.58,2,-1.4549727268830297,0.28230928609329303
350,65,5,646.62,1,-0.4533019797716833,-0.7384488807997741
351,141,4,474.19000000000005,2,-0.9356501640902372,-0.2277757244483264
352,300,1,52.11,2,-2.035941590822181,0.8125902220958151
353,43,7,550.1,1,-0.17775761400635257,-0.8694488911507124
354,19,13,3462.64,1,0.8838779324150047,-0.5157628670186196
355,66,14,4144.55,1,0.8410354605526005,-0.056794619433203575
356,76,13,1456.63,1,0.33371139963548585,-0.37413021121174
357,36,6,827.1999999999999,1,-0.19715900840913345,-0.9042084520182414
358,273,4,521.18,2,-1.5676522474464178,0.744225386046549
359,246,2,191.49,2,-1.6645208802744593,0.45830653935323096
360,85,6,1596.97,1,-0.3288258067205001,-0.4401384832154429
361,197,1,68.98,2,-1.5354631182612084,0.06148229712835301
362,283,2,75.34,2,-1.8593678888457383,0.7130129689037914
363,1,19,6631.44,0,1.9515576295634196,-0.08301829064694788
364,4,29,25217.9,0,5.3919416319244515,2.705642573676596
365,202,2,438.4,2,-1.4179259005121845,0.1703424498519495
366,148,4,228.36,2,-1.0031430360479254,-0.2103105852510558
367,1,27,8491.66,0,2.935472720558522,0.34497139181102987
368,142,4,880.1600000000001,2,-0.8849383418092848,-0.16474450556764703
369,119,4,312.08000000000004,2,-0.8514262171606997,-0.410949488925734
370,75,8,1779.87,1,-0.0730879545589842,-0.4450126690700977
371,3,21,15243.42,0,3.3025979277307878,1.1567149216764796
372,273,4,454.03000000000003,2,-1.5768403076400688,0.7350095368365535
373,67,10,2343.22,1,0.2250332429394413,-0.3830432820274443
374,66,15,4586.05,1,0.9926183228587486,0.02538404692818815
375,122,5,604.3000000000001,1,-0.7347789828167216,-0.32731405172146844
376,64,9,1305.15,1,0.006332178432625864,-0.5690412081859202
377,1,15,1878.85,1,0.9365743755174429,-0.821620716212854
378,79,7,758.24,1,-0.3233957771442798,-0.577550805661898
379,129,9,1594.94,1,-0.2683954094864357,-0.0538083890320034
380,24,14,2070.42,1,0.7603718983465573,-0.6486749942994409
381,63,12,1640.0,1,0.33050465455440475,-0.4656422636769922
382,77,13,3643.37,1,0.628084010465176,-0.0667012589329389
383,63,9,779.47,1,-0.0607594306805224,-0.6485017540796832
384,38,10,3717.53,1,0.5533400633951547,-0.4065580928960432
385,12,9,1625.48,1,0.3016659642205434,-0.905447244127228
386,29,14,3974.16,1,0.9966755180011879,-0.35082658037069087
387,8,16,9260.7,0,2.003941423236124,0.2642740390983952
388,23,16,3410.4,1,1.1309022942610891,-0.42891526801108637
389,152,4,270.99,2,-1.0166564346562157,-0.17520077396222583
390,47,7,574.47,1,-0.19376950820862737,-0.836845132081905
391,38,16,5041.86,1,1.2815841069755507,-0.09528741971659634
392,120,5,408.63,1,-0.7518790852261134,-0.3687979132707052
393,35,9,3634.22,1,0.46527775317709796,-0.46152215171668737
394,199,2,100.80000000000001,2,-1.449609524181954,0.10206493942065191
395,375,3,222.19,2,-2.1930691896953025,1.4277136022554995
396,204,4,380.71,2,-1.2531469548256737,0.22022649731428096
397,61,12,4038.04,1,0.6682990213166335,-0.1511582882276036
398,38,12,4031.29,1,0.7786173087128296,-0.32032481087017556
399,1,21,10260.539999999999,0,2.6304691784167407,0.4582212984506521
400,294,2,101.34,2,-1.9090129770381534,0.7970439527321257
401,48,15,6009.41,1,1.2744339611155489,0.089063664776835
402,148,5,378.19,2,-0.8914690570877513,-0.1681615054731252
403,62,16,4110.97,1,1.038132972362298,-0.04749038045756213
404,4,18,9999.26,0,2.306689996816866,0.3795488783570747
405,1,25,22778.6,0,4.707993099506505,2.262578013886172
406,36,9,3936.7799999999997,1,0.5018400995887214,-0.4126832033766728
407,92,6,1097.96,1,-0.43096101791614133,-0.4574204579867008
408,132,7,2295.29,1,-0.36942291644176056,0.021081917542512506
409,287,1,214.89999999999998,2,-1.950791368672054,0.7398397160670885
410,1,13,4326.3,1,1.0891104390204807,-0.5288980042382457
411,157,1,67.92,2,-1.342144013537231,-0.23125471794820454
412,65,6,1087.66,1,-0.3017820587565116,-0.6563333460934322
413,2,9,2524.08,1,0.47298644369217124,-0.8552688128607353
414,188,4,153.48000000000002,2,-1.2068529269387809,0.07200421703314036
415,165,1,37.31,2,-1.3850251746352462,-0.1769374103066903
416,90,8,1242.55,1,-0.21915790933203178,-0.40903410520828454
417,10,8,2759.02,1,0.3752672893858614,-0.7860927004871296
418,42,8,1804.73,1,0.08992152999620508,-0.682988833515039
419,1,9,1480.4299999999998,1,0.3350215726504248,-1.0058169747679222
420,52,5,721.11,1,-0.3802337489111967,-0.8233179197435061
421,1,12,1672.75,1,0.6348552230082191,-0.9146644478888524
422,69,8,958.14,1,-0.15650473965244235,-0.6016778669206402
423,25,16,5010.8,1,1.3402100481347736,-0.19464242863970324
424,1,13,2839.05,1,0.8856116672705577,-0.7330122520054232
425,115,7,1617.98,1,-0.37987623332490356,-0.19622535836767546
426,59,10,4219.21,1,0.5204157073905397,-0.1840956035908992
427,184,4,340.54,2,-1.1619112997991476,0.06841768802344489
428,40,13,1693.46,1,0.54023431548181,-0.6049593998580864
429,15,14,5100.73,1,1.2185352946425645,-0.29862007809630725
430,28,15,3832.09,1,1.0732457465536749,-0.35605344144835854
431,1,23,7243.610000000001,0,2.400011796684659,0.0873415975243196
432,1,10,1261.41,1,0.396226214269897,-1.0142898753489922
433,131,4,774.12,2,-0.8462450382468,-0.25976039737465667
434,259,1,9.2,2,-1.8435121717043659,0.5067948103923922
435,228,4,110.42999999999999,2,-1.4062075541518417,0.3586874553613298
436,78,8,2053.65,1,-0.05013675086775227,-0.38549398956332603
437,51,8,2849.15,1,0.1892989306156885,-0.4738166871501102
438,25,10,3273.11,1,0.5554064131672214,-0.5626437560178663
439,16,8,3609.68,1,0.4626425343661747,-0.6254570705048647
440,9,9,1502.41,1,0.2993362430577573,-0.944282072041469
441,43,16,2733.2999999999997,1,0.9415233788458811,-0.3755465504976673
442,1,15,5978.42,1,1.4975140021456708,-0.25898454427209927
443,8,27,17289.48,0,4.105412470645676,1.603611731424931
444,41,6,1008.9300000000001,1,-0.1964761115254457,-0.8426933887686355
445,285,1,48.52,2,-1.9638837527929567,0.7023756940317873
446,132,7,1448.29,1,-0.4853169891747811,-0.09516267338624812
447,5,9,1262.24,1,0.28582046205839606,-1.0065028118923618
448,43,5,650.98,1,-0.346300126953284,-0.8987758482855515
449,221,2,89.98,2,-1.5574952916518947,0.2615053188811639
450,152,5,770.3000000000001,2,-0.8571634940210285,-0.0850881054738073
451,69,9,1486.69,1,0.006989077826562457,-0.5075522210547045
452,181,1,187.52,2,-1.4418577638939183,-0.039285564964549775
453,387,2,94.45,2,-2.359759861404968,1.476373675682592
454,6,24,10902.18,0,2.967599769250464,0.6476136702636573
455,140,4,308.95,2,-0.9534231668564079,-0.25776850132867457
456,114,6,1450.86,1,-0.48907938026866243,-0.24806215336372267
457,60,15,1854.81,1,0.6479253974767073,-0.3933475131707341
458,125,5,1141.5,1,-0.67578431201884,-0.23164289270766716
459,258,1,88.64,2,-1.8278058808267168,0.5103825842894338
460,1,24,18107.17,0,3.977633596024931,1.599872213513809
461,308,2,236.2,2,-1.9582726826433858,0.9179595453045737
462,267,1,69.7,2,-1.8739268523222095,0.5736163030156295
463,345,4,140.07999999999998,2,-1.9680331967634248,1.2185869502771003
464,9,27,16378.55,0,3.975934323172065,1.485908001316136
465,9,17,12234.12,0,2.497127493805238,0.7012551027170881
466,43,8,1282.35,1,0.013608249063816701,-0.7473669015159593
467,61,12,4225.61,1,0.6939640168568137,-0.12541566966738213
468,100,4,367.73,1,-0.7519162211497339,-0.5422929115396158
469,32,9,1707.67,1,0.21617985929583736,-0.7478714953903157
470,13,8,2884.83,1,0.3779719217166387,-0.7468818274971569
471,145,6,660.64,2,-0.7471390195299075,-0.1297556603927002
472,156,1,41.8,2,-1.3408813806497797,-0.2421542864578216
473,13,6,771.14,1,-0.0935877537478433,-1.0801424135967013
474,45,14,5956.43,1,1.1905216712351456,0.038262177907630514
475,1,26,9155.25,0,2.9350981000900758,0.41445829214322033
476,302,2,26.49,2,-1.9579474483813977,0.8452896420705841
477,109,2,325.14,2,-0.9836190076906741,-0.5254769869120828
478,361,2,86.84,2,-2.2350494361057938,1.2851447589597857
479,1,15,9727.26,0,2.0104636309821013,0.2555164855477059
480,333,2,226.7,2,-2.080487646725328,1.0995254505003698
481,16,16,5669.89,1,1.473922035757826,-0.17002021480031912
482,131,4,582.62,2,-0.8724477713381499,-0.2860423798573694
483,81,5,376.3,1,-0.5676752235833864,-0.6585117200187572
484,34,8,3377.5,1,0.34381473738224266,-0.52565589517462
485,215,2,134.26,2,-1.522416886748277,0.2236936962256817
486,325,3,141.25,2,-1.962313941140554,1.0508657535906842
487,50,8,2390.51,1,0.13138033051791415,-0.5440764805339984
488,358,1,95.1,2,-2.310582324552702,1.2427480167759144
489,217,3,269.65,2,-1.4223919241767453,0.27849056789518434
490,212,4,260.20000000000005,2,-1.3083290334428135,0.26220568367539904
491,355,1,25.87,2,-2.305545178093356,1.2113023373570742
492,21,9,1175.75,1,0.19660047372545467,-0.9013363203552246
493,4,27,19979.13,0,4.492780718187823,1.9434874820048544
494,153,2,111.85,2,-1.225613800055919,-0.23289879688302678
495,298,2,161.25,2,-1.9201619723680183,0.8345253183671766
496,312,3,99.17999999999999,2,-1.9051944860979668,0.9499997022282316
497,22,9,2658.77,1,0.39468385567240444,-0.690487820884437
498,52,16,3931.51,1,1.0619436949855667,-0.14526784493683045
499,13,11,3694.14,1,0.7622276310302137,-0.5710519096415392
500,20,16,5693.19,1,1.4577637346395838,-0.1375633054508668
501,3,19,5764.610000000001,1,1.8232770327061831,-0.18735482799004644
502,242,3,596.78,2,-1.4985461778642166,0.5062564927419232
503,269,2,172.95,2,-1.7782995703854347,0.6240021933953444
504,50,5,726.8800000000001,1,-0.36977103902857,-0.8371556060900398
505,36,16,3336.9,1,1.057969524005096,-0.34391035876626885
506,50,6,474.34,1,-0.3131529019167848,-0.8502288829260471
507,88,5,829.02,1,-0.5395862720373539,-0.5451756729191422
508,296,4,307.45,2,-1.7081385692654902,0.8831326319382672
509,294,3,122.97,2,-1.814880462215374,0.8215985147331174
510,354,1,66.6,2,-2.2951355336802823,1.2095774452389418
511,24,15,4589.11,1,1.1961743697911975,-0.2814171049967123
512,1,22,7806.49,0,2.385857138359137,0.14300678268244194
513,136,4,605.82,2,-0.8934563589295103,-0.24628440633614188
514,1,28,23359.76,0,5.061031296784615,2.4070960032643436
515,103,4,872.3499999999999,1,-0.6973794356997176,-0.4510931206160848
516,23,9,1838.7,1,0.2776379814556089,-0.7957216766936014
517,73,15,3089.63,1,0.7540086050696695,-0.12878519754585022
518,9,19,6274.7300000000005,0,1.8640565663187245,-0.07345583672664825
519,1,15,4667.74,1,1.3181751081082265,-0.438865843491117
520,348,3,146.25,2,-2.072871679100248,1.2197921014586102
521,1,26,7081.42,0,2.6513382360335,0.12984020476920424
522,1,24,10705.46,0,2.9648658072542995,0.5840413385157963
523,52,15,3735.62,1,0.9439673771941257,-0.19373832478344907
524,49,8,2373.98,1,0.13395515249333426,-0.5536598912785544
525,1,22,8052.38,0,2.4195019949640044,0.17675339716115865
526,7,23,17413.38,0,3.7625105506933294,1.5269573098798106
527,113,9,1907.79,1,-0.14820283283726474,-0.12790861657547578
528,243,4,438.71999999999997,2,-1.4338370504851847,0.5134646973268555
529,19,8,2588.77,1,0.30844273802586664,-0.7436251789904863
530,14,12,4471.83,1,0.9549743954339492,-0.4354188219850747
531,268,1,25.75,2,-1.8847770857721196,0.5748992735484127
532,63,13,2440.23,1,0.5311721457997697,-0.3342305133676969
533,10,30,11836.58,0,3.6231437080816074,0.9346284401485285
534,318,2,165.01,2,-2.016379567404236,0.9813371199180881
535,268,1,94.8,2,-1.8753290506809566,0.58437588394231
536,83,7,890.1099999999999,1,-0.32469856530310764,-0.5301934532933954
537,107,4,173.57,1,-0.8123391441840276,-0.5177364405675057
538,326,2,232.01999999999998,2,-2.0459034919258676,1.0490520627030089
539,67,5,537.66,1,-0.47788406316708504,-0.7387732715936641
540,7,15,6411.93,1,1.5278110742327378,-0.1555997184290698
541,2,20,8225.07,0,2.25594856127032,0.16459662879512804
542,312,1,159.4,2,-2.079300461851657,0.9150924557578987
543,88,8,983.0699999999999,1,-0.24498906343102692,-0.45927542525476367
544,189,2,157.37,2,-1.3935030778430126,0.03668087611837922
545,1,30,14164.19,0,3.98515744096617,1.1882428911265854
546,1,8,1422.6399999999999,1,0.23594132504130985,-1.0353342338267464
547,25,15,6920.25,1,1.5103050728318066,0.045829697258609574
548,9,22,6488.73,0,2.1668566670860248,0.02067211250346703
549,58,14,3781.92,1,0.830110027599219,-0.16508125757864442
550,280,1,124.59,2,-1.9292921609510572,0.6762418061557759
551,114,8,764.94,1,-0.40058724313250577,-0.29902768203403374
552,1,25,11914.869999999999,0,3.221520945112294,0.7716100684192242
553,92,4,323.11,1,-0.719328697704263,-0.6069349896363492
554,1,18,10880.42,0,2.441767955300693,0.47853731555309276
555,27,10,1230.1599999999999,1,0.2661986181721334,-0.8283942110506157
556,1,22,17405.33,0,3.699255793745946,1.4603777734624006
557,110,5,499.04,1,-0.6911423491335881,-0.4295376826449622
558,317,2,252.95,2,-1.9995102309324542,0.9860914570062682
559,333,1,25.24,2,-2.1992261014531596,1.0502905286567343
560,3,23,16969.96,0,3.7211842971048457,1.436841985487866
561,30,8,4422.25,1,0.5061131381256356,-0.4115307084892874
562,36,15,2093.18,1,0.7966197868136066,-0.536187886680046
563,1,11,1276.15,1,0.4894159780169617,-0.9906809157464646
564,24,15,2757.02,1,0.9454915224317648,-0.5328581352147442
565,257,4,364.05,2,-1.5117665141302634,0.6056238210240931
566,277,2,207.44,2,-1.8122731705213253,0.6872540026536973
567,229,3,416.82,2,-1.4602940589363358,0.3864660415646337
568,300,4,627.65,2,-1.6836723719251332,0.9563369073405519
569,363,2,447.85,2,-2.195326044457113,1.3493203332175954
570,31,9,2191.66,1,0.28724027900954724,-0.6887621757314913
571,27,6,1411.22,1,-0.07371876581567713,-0.8898890497975374
572,70,10,1530.44,1,0.09931164418818117,-0.4726470614575725
573,59,9,4304.15,1,0.4408650477403197,-0.19402420802957937
574,71,15,2086.0499999999997,1,0.6263630713713347,-0.2811488317718935
575,140,4,719.74,2,-0.8972152257253602,-0.20139056094186755
576,56,11,1788.1,1,0.29345233289948713,-0.5181061365041553
577,147,6,1366.74,2,-0.6601973450483603,-0.01821899300194362
578,49,14,4137.23,1,0.9222561339768912,-0.18215063976327323
579,49,14,1816.24,1,0.6046776406207953,-0.5006896398810349
580,1,12,5781.12,1,1.196998943898608,-0.3508205399384482
581,1,12,2617.89,1,0.764177683342206,-0.7849508555979329
582,66,13,3925.7400000000002,1,0.7199230245238032,-0.1084107026140455
583,43,12,1709.42,1,0.43673538801164113,-0.6024106423658414
584,1,18,14589.9,0,2.9493319988918203,0.9876364715842839
585,172,3,279.11,2,-1.203450361575035,-0.04937659590198921
586,221,1,22.87,2,-1.657850784547753,0.2307089575939382
587,280,4,292.71,2,-1.6327697698142063,0.7640730590083099
588,88,5,486.16,1,-0.5864994264378774,-0.5922307147678256
589,12,8,1608.02,1,0.20810402588335614,-0.92942950395092
590,1,10,2000.5800000000002,1,0.49736602742463937,-0.9128441678202885
591,214,1,135.72,2,-1.6085534188380421,0.1949932803781237
592,346,1,68.4,2,-2.256196413001911,1.1513061745931095
593,10,19,8415.07,0,2.1520803164933824,0.22760505295581923
594,22,10,2727.26,1,0.4952281724411927,-0.6595020646320617
595,46,10,2814.65,1,0.3911071634272082,-0.47195349992918073
596,4,29,20925.56,0,4.80462549951022,2.1165501209880997
597,290,3,138.8,2,-1.7933680464973167,0.7945119133447541
598,171,3,172.79,2,-1.2131614059404625,-0.07128303122682067
599,60,5,249.20000000000002,1,-0.4834975006787303,-0.829565828131345
600,1,16,8045.99,0,1.8715902231873356,0.046360405408690075
